{
    "tags": {
      "allowUnknownTags": true,
      "dictionaries": ["jsdoc", "closure"]
    },
    "source": {
      "include": ["src"],
      "includePattern": ".+\\.js(doc|x)?$",
      "excludePattern": "(^|\\/|\\\\)_"
    },
    "plugins": ["plugins/markdown", "node_modules/better-docs/typescript"],
    "templates": {
      "node_modules/better-docs": {
        "name": "OPSWAT File Security Chrome Extension"
      }
    },
    "opts": {
      "destination": "docs",
      "recurse": true,
      "readme": "README.md"
    }
}